object_id,users,avg_rate
Drishyam,144,8.26
Road to Perdition,90,7.7
Me and Earl and the Dying Girl,89,7.7
Cidade de Deus,87,8.6
Taare Zameen Par,87,8.4
Night of the Living Dead,86,7.9
Dangal,86,8.4
Hachi: A Dog's Tale,86,8.1
Sanjuro,86,8.1
Aliens,86,8.3
Jodaeiye Nader az Simin,86,8.3
Apocalypto,86,7.8
Fight Club,85,8.799999999999999
Gisaengchung,85,8.6
Good Bye Lenin!,85,7.699999999999999
Her,85,8.0
Underground,84,8.1
El ángel exterminador,84,8.1
Trois couleurs: Blanc,84,7.599999999999999
Kis Uykusu,84,8.1
All Quiet on the Western Front,84,8.0
Once Upon a Time in the West,84,8.5
Sleepers,83,7.6
Solaris,83,8.1
Lion,83,8.0
Brief Encounter,82,8.0
Cast Away,82,7.799999999999999
October Sky,82,7.799999999999999
Nuovo Cinema Paradiso,82,8.5
The Matrix,82,8.7
Pride,81,7.8
Captain Phillips,81,7.8
Låt den rätte komma in,81,7.9
Marriage Story,81,7.9
Donnie Brasco,81,7.699999999999999
Lost Highway,81,7.6000000000000005
To Kill a Mockingbird,81,8.2
Bhaag Milkha Bhaag,81,8.2
The Prestige,81,8.5
Stagecoach,81,7.8
Bin-jip,81,8.0
The Verdict,80,7.7
Knives Out,80,7.9
Miracle on 34th Street,80,7.9
On the Waterfront,80,8.1
Hotaru no haka,80,8.5
Mary Poppins,80,7.8
What's Eating Gilbert Grape,80,7.8
Papurika,80,7.700000000000001
Breakfast at Tiffany's,80,7.6
50/50,80,7.6000000000000005
Wait Until Dark,80,7.8
JFK,80,8.0
Smultronstället,80,8.2
Festen,80,8.0
Dilwale Dulhania Le Jayenge,80,8.1
Bajrangi Bhaijaan,79,8.0
Shutter Island,79,8.2
A Christmas Story,79,7.900000000000001
Short Term 12,79,8.0
Children of Men,79,7.9
Chinatown,79,8.1
The Godfather: Part III,79,7.6
A Little Princess,79,7.7
Gattaca,79,7.8
Kingsman: The Secret Service,79,7.700000000000001
Dog Day Afternoon,79,8.0
The Pursuit of Happyness,78,8.0
Wind River,78,7.700000000000001
Malcolm X,78,7.7
Amélie,78,8.3
Lost in Translation,78,7.699999999999999
Ba wang bie ji,78,8.1
Lage Raho Munna Bhai,78,8.100000000000001
Barfi!,78,8.100000000000001
12 Angry Men,78,9.0
Bir Zamanlar Anadolu'da,78,7.9
Ocean's Eleven,78,7.7
The Bourne Ultimatum,78,8.0
Bronenosets Potemkin,78,8.0
Huo Yuan Jia,78,7.6
Captain America: The Winter Soldier,78,7.700000000000001
Hera Pheri,78,8.2
The Hobbit: The Desolation of Smaug,78,7.800000000000001
Gran Torino,78,8.1
The Quiet Man,78,7.7
Gandhi,78,8.0
Frost/Nixon,78,7.7
Tenkû no shiro Rapyuta,77,8.0
Le passé,77,7.799999999999999
Aladdin,77,8.0
The Boy in the Striped Pyjamas,77,7.799999999999999
The Bourne Supremacy,77,7.700000000000001
Spider-Man: Into the Spider-Verse,77,8.4
Good Will Hunting,77,8.3
Andrei Rublev,77,8.1
Life of Brian,77,8.1
Jurassic Park,77,8.1
Rebecca,77,8.1
Persepolis,77,8.0
Lord of War,77,7.6000000000000005
Jules et Jim,77,7.800000000000001
Remember the Titans,77,7.8
Whiplash,77,8.5
Sherlock Jr.,77,8.2
The Station Agent,77,7.6
Escape from Alcatraz,77,7.6000000000000005
Druk,76,7.8
Sherlock Holmes,76,7.6
Contratiempo,76,8.1
Ferris Bueller's Day Off,76,7.8
Harry Potter and the Deathly Hallows: Part 2,76,8.1
A Night at the Opera,76,7.8999999999999995
Le notti di Cabiria,76,8.1
Apocalypse Now,76,8.4
Avengers: Infinity War,76,8.399999999999999
Omohide poro poro,76,7.599999999999999
Avatar,76,7.8
The Kid,76,8.3
Raiders of the Lost Ark,76,8.4
Ed Wood,76,7.8
Rogue One,76,7.8
Serbuan maut 2: Berandal,76,8.0
Ah-ga-ssi,76,8.1
Blue Velvet,76,7.7
Tangled,75,7.7
The Others,75,7.6
The Killing Fields,75,7.799999999999998
Billy Elliot,75,7.7
Blade Runner,75,8.1
Jab We Met,75,7.9
It's a Wonderful Life,75,8.6
The Bridge on the River Kwai,75,8.1
"O Brother, Where Art Thou?",75,7.700000000000001
The Theory of Everything,75,7.7
The Dirty Dozen,75,7.7
Casino Royale,75,8.0
Million Dollar Baby,75,8.100000000000001
Chak De! India,75,8.200000000000001
En man som heter Ove,75,7.7
Efter brylluppet,75,7.7
Freaks,75,7.900000000000001
Baby Driver,75,7.6
The Lost Weekend,75,7.8999999999999995
The Shop Around the Corner,74,8.1
The Muppet Movie,74,7.6
Jungfrukällan,74,8.100000000000001
The 39 Steps,74,7.599999999999999
Amour,74,7.8999999999999995
Get Out,74,7.699999999999999
Rain Man,74,8.0
Sin City,74,8.0
City Lights,74,8.5
Harry Potter and the Prisoner of Azkaban,74,7.9
Trainspotting,74,8.1
Zindagi Na Milegi Dobara,74,8.1
Strangers on a Train,74,7.900000000000001
Before Sunset,74,8.1
Le locataire,74,7.7
Léon,74,8.5
Le scaphandre et le papillon,74,8.0
Beauty and the Beast,74,8.0
Indiana Jones and the Last Crusade,74,8.2
Hiroshima mon amour,74,7.9
3:10 to Yuma,74,7.700000000000001
Boyhood,74,7.9
Inside Man,74,7.6
The Blues Brothers,74,7.9
The Breakfast Club,74,7.8
"Monsters, Inc.",74,8.1
The Social Network,74,7.700000000000001
Perfetti sconosciuti,74,7.8
Ordinary People,74,7.699999999999999
Glengarry Glen Ross,74,7.7
Avengers: Endgame,73,8.4
Sleuth,73,8.0
The Bourne Identity,73,7.9
Koe no katachi,73,8.1
Fantastic Mr. Fox,73,7.8999999999999995
"I, Daniel Blake",73,7.9
Fa yeung nin wah,73,8.1
The Princess Bride,73,8.0
Sunset Blvd.,73,8.4
The Count of Monte Cristo,73,7.8
Ivanovo detstvo,73,8.1
Eternal Sunshine of the Spotless Mind,73,8.299999999999999
Captain Fantastic,73,7.9
The Sting,73,8.3
As Good as It Gets,73,7.7
The Big Short,73,7.799999999999999
Jaws,73,8.0
Vozvrashchenie,73,8.0
Central do Brasil,73,8.0
Argo,73,7.7
Charade,73,7.900000000000001
"Three Billboards Outside Ebbing, Missouri",73,8.2
Vivre sa vie: Film en douze tableaux,73,8.0
Diarios de motocicleta,73,7.8
Clerks,73,7.700000000000001
Arrival,73,7.9
Deliverance,73,7.7
Anatomy of a Murder,73,8.0
Zelig,73,7.700000000000001
Kaze tachinu,73,7.8
Gladiator,73,8.5
The African Queen,73,7.7
Lawrence of Arabia,73,8.3
The Man Who Would Be King,73,7.800000000000001
Gegen die Wand,73,7.9
One Flew Over the Cuckoo's Nest,73,8.7
Dunkirk,73,7.8
Dil Bechara,72,7.8999999999999995
What Ever Happened to Baby Jane?,72,8.1
Walk the Line,72,7.799999999999999
Baahubali 2: The Conclusion,72,8.2
Udaan,72,8.200000000000001
Badhaai ho,72,8.0
Toy Story 2,72,7.9
Birdman or (The Unexpected Virtue of Ignorance),72,7.7
This Is England,72,7.700000000000001
Bohemian Rhapsody,72,8.0
The Trial of the Chicago 7,72,7.8
Call Me by Your Name,72,7.9
Dawn of the Dead,72,7.8999999999999995
Edge of Tomorrow,72,7.900000000000001
Falling Down,72,7.599999999999999
Fitzcarraldo,72,8.1
Flipped,72,7.7
Ghostbusters,72,7.799999999999999
The Invisible Man,72,7.700000000000001
God's Own Country,72,7.7
The Grand Budapest Hotel,72,8.1
The Graduate,72,8.0
The Girl with the Dragon Tattoo,72,7.8
Hidden Figures,72,7.8
Home Alone,72,7.6
The Dark Knight,72,9.0
Jeux d'enfants,72,7.599999999999999
Joyeux Noël,72,7.7
The Big Lebowski,72,8.1
La grande bellezza,72,7.799999999999999
Taken,72,7.8
Y tu mamá también,72,7.6
Stalker,72,8.2
Spoorloos,72,7.7
Lucky Number Slevin,72,7.7
Majo no takkyûbin,72,7.8
Miller's Crossing,72,7.699999999999999
Seppuku,72,8.6
Mystic River,72,7.9
Rockstar,72,7.7
Once Upon a Time... in Hollywood,72,7.6000000000000005
Office Space,71,7.7
Pirates of the Caribbean: The Curse of the Black Pearl,71,8.0
Veer-Zaara,71,7.8
Trois couleurs: Bleu,71,7.8999999999999995
Idi i smotri,71,8.299999999999999
Harold and Maude,71,7.9
Double Indemnity,71,8.3
Sholay,71,8.2
Deadpool 2,71,7.7
Happiness,71,7.700000000000001
Hana-bi,71,7.8
Relatos salvajes,71,8.099999999999998
Network,71,8.1
Star Wars: Episode VII - The Force Awakens,71,7.900000000000001
La planète sauvage,71,7.8
Match Point,71,7.6
Gone with the Wind,71,8.1
Gongdong gyeongbi guyeok JSA,71,7.799999999999998
Jûbê ninpûchô,71,7.9
Mary and Max,71,8.1
Salinui chueok,71,8.1
Sling Blade,71,8.0
Notorious,71,7.9
Män som hatar kvinnor,71,7.800000000000001
Do lok tin si,71,7.699999999999999
Omoide no Mânî,71,7.7
Kaguyahime no monogatari,71,8.0
The Taking of Pelham One Two Three,71,7.7
Les diaboliques,71,8.0
Se7en,71,8.6
The Boondock Saints,71,7.8
Todo sobre mi madre,71,7.799999999999999
Song of the Sea,71,8.1
The Night of the Hunter,71,8.0
The Warriors,71,7.6
Interstellar,71,8.6
Heat,71,8.200000000000001
The Machinist,71,7.699999999999999
The Jungle Book,71,7.6
Logan,71,8.1
Per un pugno di dollari,71,8.0
East of Eden,71,7.9
Ikiru,71,8.299999999999999
Mississippi Burning,70,7.800000000000001
Toy Story 4,70,7.8
The Artist,70,7.9
Kahaani,70,8.100000000000001
12 Years a Slave,70,8.1
The Wild Bunch,70,7.9
Blood Simple,70,7.6
Ôkami kodomo no Ame to Yuki,70,8.100000000000001
El cuerpo,70,7.6000000000000005
First Blood,70,7.7
Days of Heaven,70,7.8
Mustang,70,7.6
End of Watch,70,7.6
Abre los ojos,70,7.700000000000002
Full Metal Jacket,70,8.3
Moon,70,7.900000000000001
The Philadelphia Story,70,7.9
Per qualche dollaro in più,70,8.3
Giant,70,7.6
Nosferatu,70,7.8999999999999995
Goldfinger,70,7.699999999999999
Midnight in Paris,70,7.7
Cowboy Bebop: Tengoku no tobira,70,7.8999999999999995
Cool Hand Luke,70,8.1
Evil Dead II,70,7.800000000000001
The Great Escape,70,8.2
Out of the Past,70,8.0
The Gold Rush,70,8.2
The Man Who Shot Liberty Valance,70,8.1
28 Days Later...,70,7.6000000000000005
Vikram Vedha,70,8.4
The Lord of the Rings: The Return of the King,70,8.9
The Fifth Element,70,7.7
Cat on a Hot Tin Roof,70,8.0
Who's Afraid of Virginia Woolf?,70,8.0
Le salaire de la peur,70,8.1
Au revoir les enfants,70,8.0
Fargo,70,8.1
The Broken Circle Breakdown,70,7.7
La double vie de Véronique,70,7.8
The Maltese Falcon,70,8.0
Braveheart,70,8.3
To Have and Have Not,69,7.799999999999999
The Color Purple,69,7.8
Ran,69,8.200000000000001
The Wizard of Oz,69,8.0
The Manchurian Candidate,69,7.9
Shadow of a Doubt,69,7.8
The Florida Project,69,7.6000000000000005
The Lord of the Rings: The Fellowship of the Ring,69,8.8
Incendies,69,8.299999999999999
Das weiße Band - Eine deutsche Kindergeschichte,69,7.8
Edward Scissorhands,69,7.8999999999999995
Kaze no tani no Naushika,69,8.100000000000001
Rang De Basanti,69,8.200000000000001
Soul,69,8.1
Sound of Metal,69,7.8
Kôkaku Kidôtai,69,8.0
Rupan sansei: Kariosutoro no shiro,69,7.7
The Deer Hunter,69,8.1
Apollo 13,69,7.6
Willy Wonka & the Chocolate Factory,69,7.8
A Few Good Men,69,7.7
Taegukgi hwinalrimyeo,69,8.100000000000001
Un long dimanche de fiançailles,69,7.6
Udta Punjab,69,7.799999999999999
The Hateful Eight,69,7.8
The Lunchbox,69,7.8
Deadpool,69,8.0
Persona,69,8.1
Alien,69,8.4
Joker,69,8.5
Die Welle,69,7.6
The Hustler,69,8.0
Mandariinid,69,8.2
L.A. Confidential,69,8.2
Hamilton,69,8.6
Titanic,69,7.8
The Red Shoes,69,8.1
Slumdog Millionaire,69,8.0
Prisoners,69,8.1
L'avventura,69,7.8999999999999995
All the President's Men,69,7.8999999999999995
Der Name der Rose,68,7.7
Fantasia,68,7.7
The Last Samurai,68,7.7
Frankenstein,68,7.8
The Peanut Butter Falcon,68,7.6
Das Cabinet des Dr. Caligari,68,8.1
Gake no ue no Ponyo,68,7.700000000000001
The Perks of Being a Wallflower,68,8.0
300,68,7.6
Red River,68,7.799999999999999
The Innocents,68,7.800000000000001
Close Encounters of the Third Kind,68,7.6
Guardians of the Galaxy Vol. 2,68,7.6000000000000005
The Hangover,68,7.700000000000001
Hacksaw Ridge,68,8.1
Zombieland,68,7.599999999999999
Changeling,68,7.7
Hell or High Water,68,7.6000000000000005
Butch Cassidy and the Sundance Kid,68,8.0
Il conformista,68,8.0
The Untouchables,68,7.9
Inception,68,8.8
Jojo Rabbit,68,7.900000000000001
Big Hero 6,68,7.8
Tengoku to jigoku,68,8.4
Reservoir Dogs,68,8.3
"Swades: We, the People",68,8.2
Trois couleurs: Rouge,68,8.1
La Strada,68,8.0
Ace in the Hole,68,8.1
Star Trek Into Darkness,68,7.699999999999999
Special Chabbis,68,8.0
Lifeboat,68,7.599999999999999
"Lock, Stock and Two Smoking Barrels",68,8.2
Vizontele,68,8.0
All That Jazz,68,7.8999999999999995
Mar adentro,68,8.0
Mou gaan dou,68,8.0
Secrets & Lies,68,8.0
Ondskan,68,7.8
The Man from Earth,68,7.9
Dogville,68,8.0
The Lord of the Rings: The Two Towers,68,8.7
Detachment,68,7.699999999999999
Eastern Promises,68,7.6
Despicable Me,68,7.6000000000000005
The Message,68,8.200000000000001
Ratatouille,67,8.0
Miracle in cell NO.7,67,8.3
The Best Years of Our Lives,67,8.0
Rushmore,67,7.7
The Usual Suspects,67,8.5
English Vinglish,67,7.8
Togo,67,8.0
Unforgiven,67,8.2
Platoon,67,8.100000000000001
Mysterious Skin,67,7.6000000000000005
The Imitation Game,67,8.0
Anand,67,8.4
Portrait de la jeune fille en feu,67,8.1
Little Women,67,7.8
The Naked Gun: From the Files of Police Squad!,67,7.6000000000000005
In America,67,7.7
Up,67,8.200000000000001
Dom za vesanje,67,8.2
K.G.F: Chapter 1,67,8.2
Harry Potter and the Goblet of Fire,67,7.7
Metropolis,67,8.3
Drive,67,7.8
"Aguirre, der Zorn Gottes",67,7.9
Brokeback Mountain,67,7.7
Sense and Sensibility,67,7.6
The Right Stuff,67,7.8
Mad Max: Fury Road,67,8.1
Mr. Nobody,67,7.8
The Little Mermaid,67,7.599999999999999
Sing Street,67,7.900000000000001
Star Wars: Episode V - The Empire Strikes Back,67,8.7
Duck Soup,67,7.8
Das Boot,67,8.3
The Long Goodbye,67,7.599999999999999
The Blind Side,67,7.6000000000000005
The Irishman,67,7.9
Lat sau san taam,67,7.8
Young Frankenstein,67,8.0
Do the Right Thing,67,8.0
The Curious Case of Benjamin Button,67,7.8
Auf der anderen Seite,67,7.8
Being John Malkovich,67,7.7
Pulp Fiction,67,8.9
The Wrestler,67,7.8999999999999995
Le Petit Prince,67,7.7
Modern Times,67,8.5
Gifted,67,7.6000000000000005
Kakushi-toride no san-akunin,67,8.1
"Crna macka, beli macor",67,8.1
Les choristes,67,7.9
Minority Report,66,7.6
Klaus,66,8.200000000000001
Terminator 2: Judgment Day,66,8.5
Training Day,66,7.7
Fear and Loathing in Las Vegas,66,7.6000000000000005
Bãhubali: The Beginning,66,8.0
La battaglia di Algeri,66,8.1
Bride of Frankenstein,66,7.8
Who Framed Roger Rabbit,66,7.7
Delicatessen,66,7.6
Stardust,66,7.6
Bacheha-Ye aseman,66,8.3
2001: A Space Odyssey,66,8.3
Zwartboek,66,7.700000000000001
Rear Window,66,8.4
Under sandet,66,7.8
The Dark Knight Rises,66,8.4
Ang-ma-reul bo-at-da,66,7.8
Die Hard: With a Vengeance,66,7.6000000000000005
Wo hu cang long,66,7.8
The Straight Story,66,8.0
Casino,66,8.2
Dr. Strangelove or: How I Learned to Stop Worrying and Love the Bomb,66,8.4
The Fugitive,66,7.799999999999999
Uri: The Surgical Strike,66,8.2
Harry Potter and the Sorcerer's Stone,66,7.6000000000000005
Harry Potter and the Deathly Hallows: Part 1,66,7.699999999999999
M.S. Dhoni: The Untold Story,66,7.8
Hannah and Her Sisters,66,7.9
Patton,66,7.9
"4 luni, 3 saptamâni si 2 zile",66,7.9
Green Book,66,8.2
Singin' in the Rain,66,8.3
The Secret of Kells,66,7.599999999999999
Airlift,66,8.0
Sicario,66,7.6
Glory,66,7.8
Moana,66,7.6000000000000005
Monty Python and the Holy Grail,66,8.2
Seven Pounds,66,7.6
Mulan,66,7.6
Raging Bull,66,8.2
The Killing,66,8.0
The Martian,66,8.0
The Last King of Scotland,66,7.7
Philadelphia,66,7.7
The Odd Couple,66,7.700000000000001
Dead Man,66,7.6
The Magdalene Sisters,66,7.7
The Notebook,66,7.799999999999999
Judgment at Nuremberg,66,8.2
Black,66,8.2
The Apartment,66,8.3
Kind Hearts and Coronets,66,8.0
Tôkyô goddofâzâzu,66,7.8
Annie Hall,65,8.0
Le samouraï,65,8.1
The Big Sleep,65,7.9
Hotel Rwanda,65,8.1
Shichinin no samurai,65,8.6
Atonement,65,7.8
Darbareye Elly,65,8.0
Raazi,65,7.8
Isle of Dogs,65,7.8999999999999995
Baby,65,8.0
Ladri di biciclette,65,8.3
La vita è bella,65,8.6
Rush,65,8.1
Iron Man,65,7.8999999999999995
Kubo and the Two Strings,65,7.800000000000001
Kramer vs. Kramer,65,7.8
From Here to Eternity,65,7.6
Kal Ho Naa Ho,65,8.0
I Am Sam,65,7.7
Kari-gurashi no Arietti,65,7.6
Bound by Honor,65,8.0
Inside Out,65,8.1
La migliore offerta,65,7.8
Badlands,65,7.8
Saving Private Ryan,65,8.6
The Last of the Mohicans,65,7.7
Kelly's Heroes,65,7.599999999999999
The Lion in Winter,65,7.900000000000001
Fiddler on the Roof,65,8.0
Enter the Dragon,65,7.700000000000001
The Avengers,65,8.0
Boogie Nights,65,7.9
Beasts of No Nation,65,7.699999999999999
Waking Life,65,7.799999999999999
The Grapes of Wrath,65,8.0
Yôjinbô,65,8.2
Talvar,65,8.2
Belle de jour,65,7.7
The Shawshank Redemption,65,9.299999999999999
Empire of the Sun,65,7.7
Akira,65,8.0
Mad Max 2,65,7.6
Breaking the Waves,65,7.8
Gone Girl,65,8.1
Paddington 2,65,7.799999999999998
Where Eagles Dare,65,7.700000000000001
Snatch,65,8.3
Okuribito,65,8.1
Little Miss Sunshine,65,7.799999999999999
Zulu,65,7.7
1917,65,8.3
Soorarai Pottru,65,8.6
Shrek,65,7.8
Tôkyô monogatari,65,8.2
À bout de souffle,65,7.799999999999998
Creed,65,7.6000000000000005
"Planes, Trains & Automobiles",65,7.6000000000000005
Boksuneun naui geot,64,7.6
Batman: Mask of the Phantasm,64,7.8
Bonnie and Clyde,64,7.8
Boyz n the Hood,64,7.8
Cabaret,64,7.799999999999999
Capharnaüm,64,8.4
Celda 211,64,7.6
Chhichhore,64,8.2
Cinderella Man,64,8.0
Control,64,7.7
Dancer in the Dark,64,8.0
Dial M for Murder,64,8.2
E.T. the Extra-Terrestrial,64,7.8
G.O.R.A.,64,8.0
Goodfellas,64,8.700000000000001
His Girl Friday,64,7.9
Inglourious Basterds,64,8.3
Kagemusha,64,8.0
Kill Bill: Vol. 2,64,8.0
Kung fu,64,7.700000000000001
La vie d'Adèle,64,7.700000000000001
Le charme discret de la bourgeoisie,64,7.8999999999999995
Lethal Weapon,64,7.6
M - Eine Stadt sucht einen Mörder,64,8.3
My Name Is Khan,64,8.0
Nightcrawler,64,7.9
Oldeuboi,64,8.399999999999999
On Golden Pond,64,7.6000000000000005
Only the Brave,64,7.6000000000000005
Pâfekuto burû,64,8.0
Paper Moon,64,8.1
Ray,64,7.700000000000001
Repulsion,64,7.7
Rocky,64,8.1
Star Trek II: The Wrath of Khan,64,7.700000000000001
The Bridges of Madison County,64,7.599999999999999
The Godfather: Part II,64,9.0
The Goonies,64,7.799999999999998
The Silence of the Lambs,64,8.6
The Truman Show,64,8.1
Toki o kakeru shôjo,64,7.700000000000001
Touch of Evil,64,8.0
Warrior,64,8.2
Watchmen,64,7.6
When Harry Met Sally...,64,7.599999999999999
Withnail & I,64,7.7
A Streetcar Named Desire,63,8.0
"Paris, Texas",63,8.1
Dawn of the Planet of the Apes,63,7.6
Zerkalo,63,8.100000000000001
A Hard Day's Night,63,7.599999999999999
Der Himmel über Berlin,63,8.0
Babam ve Oglum,63,8.299999999999999
Black Hawk Down,63,7.699999999999999
The Green Mile,63,8.6
La passion de Jeanne d'Arc,63,8.1
Amores perros,63,8.1
Paths of Glory,63,8.4
Ying xiong,63,7.9
The General,63,8.1
Wonder,63,8.0
Ex Machina,63,7.7
Pink,63,8.1
Dip huet seung hung,63,7.799999999999998
Back to the Future Part II,63,7.8
Love and Death,63,7.7
Night on Earth,63,7.8
The Departed,63,8.5
Room,63,8.1
The Illusionist,63,7.6
The Terminator,63,8.0
The World's Fastest Indian,63,7.8
Coraline,63,7.7
Spartacus,63,7.9
Toy Story,63,8.3
The Incredibles,63,8.0
Blazing Saddles,63,7.700000000000001
Adams æbler,63,7.800000000000001
Viskningar och rop,63,8.1
Stalag 17,63,8.0
Ajeossi,63,7.799999999999999
Stand by Me,63,8.1
Barton Fink,62,7.700000000000001
Barry Lyndon,62,8.1
Manchester by the Sea,62,7.8
Peeping Tom,62,7.7
Magnolia,62,8.0
Vertigo,62,8.3
Donnie Darko,62,8.0
Du rififi chez les hommes,62,8.2
The Remains of the Day,62,7.8
Crash,62,7.7
El secreto de sus ojos,62,8.2
Rebel Without a Cause,62,7.7
The Lives of Others,62,8.4
La règle du jeu,62,8.0
Straight Outta Compton,62,7.8
Sunrise: A Song of Two Humans,62,8.1
La leggenda del pianista sull'oceano,62,8.1
The Ten Commandments,62,7.8999999999999995
"Synecdoche, New York",62,7.6
La La Land,62,8.0
Tumbbad,62,8.3
Finding Neverland,62,7.6
Amarcord,62,7.9
My Fair Lady,62,7.8
The Purple Rose of Cairo,62,7.700000000000001
The Treasure of the Sierra Madre,62,8.2
The Thin Red Line,62,7.6
Dallas Buyers Club,62,8.0
Ayla: The Daughter of War,62,8.4
Awakenings,62,7.799999999999999
Pride & Prejudice,62,7.8
Once,62,7.799999999999999
The Pianist,62,8.5
Guardians of the Galaxy,62,8.0
Moonrise Kingdom,62,7.8
Invasion of the Body Snatchers,62,7.700000000000001
Into the Wild,62,8.1
The Insider,62,7.799999999999999
Watership Down,62,7.6
Shaun of the Dead,62,7.9
Before Midnight,62,7.9
In Bruges,62,7.9
Yip Man,62,8.0
Il postino,62,7.699999999999999
The Fighter,62,7.799999999999999
Dead Poets Society,62,8.1
Batman Begins,62,8.2
A Beautiful Mind,61,8.2
WALL·E,61,8.4
Rosemary's Baby,61,8.0
The Hurricane,61,
The Hobbit: An Unexpected Journey,61,7.8
The Help,61,8.0
Tonari no Totoro,61,8.2
Pan's Labyrinth,61,8.2
Hable con ella,61,7.9
The Sandlot,61,7.8
Naked,61,7.799999999999999
Dà hóng denglong gaogao guà,61,8.1
Brazil,61,7.9
X-Men: Days of Future Past,61,7.900000000000001
Serpico,61,7.7
Mr. Smith Goes to Washington,61,8.1
Moneyball,61,7.599999999999999
Batoru rowaiaru,61,7.6000000000000005
Death Note: Desu nôto,61,7.700000000000001
Bom Yeoareum Gaeul Gyeoul Geurigo Bom,61,8.0
Memento,61,8.4
Manhattan,61,7.900000000000001
Skyfall,61,7.699999999999999
Cape Fear,61,7.699999999999999
Doctor Zhivago,61,8.0
Papillon,61,8.0
Lilja 4-ever,61,7.8
Tropa de Elite 2: O Inimigo Agora é Outro,61,8.0
Les yeux sans visage,61,7.700000000000001
Spotlight,61,8.1
Le dîner de cons,61,7.7
The Longest Day,61,7.8
Star Wars: Episode VI - Return of the Jedi,61,8.299999999999999
About Time,61,7.8
The Last Emperor,61,7.700000000000001
White Heat,61,8.1
Once Were Warriors,61,7.9
Kimi no na wa.,61,8.4
Arsenic and Old Lace,61,8.0
Kai po che!,61,7.7
Just Mercy,61,7.6
Jagten,61,8.3
It Happened One Night,61,8.1
The Birds,61,7.7
Incredibles 2,61,7.6
Bridge of Spies,61,7.599999999999999
3 Idiots,61,8.4
No Man's Land,60,7.9
C.R.A.Z.Y.,60,7.900000000000001
Thor: Ragnarok,60,7.9
Blood Diamond,60,8.0
Roman Holiday,60,8.0
Searching,60,7.6000000000000005
My Cousin Vinny,60,7.6
Midnight Cowboy,60,7.8
A Man for All Seasons,60,7.700000000000001
Leviafan,60,7.6
Les quatre cents coups,60,8.100000000000001
21 Grams,60,7.6000000000000005
Star Wars,60,8.6
Sweet Smell of Success,60,8.0
Kokuhaku,60,7.8
What We Do in the Shadows,60,7.7
In the Name of the Father,60,8.1
Zootopia,60,8.0
The Butterfly Effect,60,7.6
Once Upon a Time in America,60,8.4
The Day the Earth Stood Still,60,7.699999999999999
Höstsonaten,60,8.2
Hedwig and the Angry Inch,60,7.7
Harvey,60,7.9
The Gentlemen,60,7.8
Harry Potter and the Half-Blood Prince,60,7.6
The Godfather,60,9.2
Hævnen,60,7.599999999999999
Funny Games,60,7.6
The Ladykillers,60,7.700000000000001
The Last Picture Show,60,8.0
Back to the Future,60,8.5
Rio Bravo,60,8.0
Die Hard,60,8.2
The Muppet Christmas Carol,60,7.7
The Royal Tenenbaums,60,7.6
Chugyeokja,60,7.799999999999999
Blade Runner 2049,60,8.0
The Thin Man,60,8.0
Tombstone,59,7.799999999999999
Ben-Hur,59,8.1
Scarface: The Shame of the Nation,59,7.8
Un prophète,59,7.9
Enemy at the Gates,59,7.599999999999999
Haider,59,8.1
North by Northwest,59,8.3
Rope,59,8.0
American Gangster,59,7.799999999999999
Lola rennt,59,7.599999999999999
The Thing,59,8.1
Schindler's List,59,8.9
This Is Spinal Tap,59,7.9
Chung Hing sam lam,59,8.1
Psycho,59,8.5
Dil Chahta Hai,59,8.1
Dances with Wolves,59,8.0
Mommy,59,8.1
The Intouchables,59,8.5
Das Experiment,59,7.7
Wreck-It Ralph,59,7.7
The Nightmare Before Christmas,59,8.0
Ford v Ferrari,59,8.1
V for Vendetta,59,8.2
Gully Boy,59,8.0
Victoria,59,7.6
Hamlet,59,7.7
Before Sunrise,59,8.1
The Visitor,59,7.6
Andhadhun,58,8.3
Groundhog Day,58,8.0
Andaz Apna Apna,58,8.2
Interstate 60: Episodes of the Road,58,7.7
The Elephant Man,58,8.1
The Iron Giant,58,8.0
Forushande,58,7.8
Airplane!,58,7.7
King Kong,58,7.900000000000001
Kurenai no buta,58,7.7
A Wednesday,58,8.1
Carlito's Way,58,7.9
La haine,58,8.1
OMG: Oh My God!,58,8.1
The Lion King,58,8.5
La Vie En Rose,58,7.6
Lagaan: Once Upon a Time in India,58,8.1
Laura,58,8.0
"South Park: Bigger, Longer & Uncut",58,7.700000000000001
Life of Pi,58,7.9
Loving Vincent,58,7.8
Midnight Express,58,7.6
Short Cuts,58,7.7
Mission: Impossible - Fallout,58,7.7
Dazed and Confused,58,7.6
Saw,58,7.6000000000000005
Bringing Up Baby,58,7.799999999999999
Nebraska,58,7.7
Nelyubov,58,7.6
Being There,58,8.0
The Sixth Sense,58,8.1
A Bronx Tale,58,7.8
The Great Dictator,58,8.4
Vicky Donor,58,7.8
The Fault in Our Stars,58,7.7
The Fall,58,7.9
The Magnificent Seven,57,7.7
Les triplettes de Belleville,57,7.8
Scent of a Woman,57,8.0
True Grit,57,7.6000000000000005
Scarface,57,8.3
Gilda,57,7.7
Almost Famous,57,7.900000000000001
Requiem for a Dream,57,8.3
In a Lonely Place,57,8.0
La montaña sagrada,57,7.900000000000001
Fanny och Alexander,57,8.1
The Game,57,7.8
Roma,57,7.700000000000001
Kill Bill: Vol. 1,57,8.1
Hauru no ugoku shiro,57,8.2
Key Largo,57,7.799999999999999
Misery,57,7.8
Dead Man's Shoes,57,7.6000000000000005
Yeopgijeogin geunyeo,57,8.0
(500) Days of Summer,57,7.7
"Shin seiki Evangelion Gekijô-ban: Air/Magokoro wo, kimi ni",57,8.1
Mimi wo sumaseba,57,7.8999999999999995
Silver Linings Playbook,57,7.7
X: First Class,57,7.7
Serenity,57,7.799999999999999
Blowup,57,7.6000000000000005
Primal Fear,57,7.700000000000001
Madeo,57,7.8
Mononoke-hime,56,8.4
Sabrina,56,7.7
Some Like It Hot,56,8.2
Letters from Iwo Jima,56,7.9
Knockin' on Heaven's Door,56,8.0
Hot Fuzz,56,7.799999999999999
The Exorcist,56,8.0
Guess Who's Coming to Dinner,56,7.8
Giù la testa,56,7.6
The Lego Movie,56,7.699999999999999
District 9,56,7.8999999999999995
The Outlaw Josey Wales,56,7.8
Crimes and Misdemeanors,56,7.8999999999999995
Catch Me If You Can,56,8.1
The Third Man,56,8.1
Zodiac,56,7.7
American Psycho,56,7.6000000000000005
Vampire Hunter D: Bloodlust,56,7.7
American History X,56,8.5
25th Hour,56,7.6
Witness for the Prosecution,56,8.4
PK,56,8.1
Pink Floyd: The Wall,56,8.1
Dark Waters,55,7.6
Der Untergang,55,8.199999999999998
The Revenant,55,8.0
A Star Is Born,55,7.6
Twelve Monkeys,55,8.0
The Shining,55,8.4
The King of Comedy,55,7.8
Dev.D,55,8.0
To Be or Not to Be,55,8.2
Fried Green Tomatoes,55,7.7
Munna Bhai M.B.B.S.,55,8.1
The Wolf of Wall Street,55,8.2
Kumonosu-jô,55,8.1
Serbuan maut,55,7.599999999999999
Halloween,55,7.7
No Country for Old Men,55,8.1
In the Heat of the Night,55,7.9
The Searchers,54,7.900000000000001
After Hours,54,7.7
The Day of the Jackal,54,7.8
How to Train Your Dragon,54,8.1
American Beauty,54,8.3
Kick-Ass,54,7.599999999999999
Black Swan,54,8.0
Toy Story 3,54,8.2
Det sjunde inseglet,54,8.2
Predator,54,7.8
Down by Law,54,7.8
Man on Fire,54,7.7
Nueve reinas,54,7.8999999999999995
La piel que habito,54,7.6
Gangs of Wasseypur,54,8.2
My Left Foot: The Story of Christy Brown,54,7.900000000000001
Queen,54,8.2
The Sound of Music,53,8.0
Dark City,53,7.6
The Lady Vanishes,53,7.799999999999999
Forrest Gump,53,8.8
Gone Baby Gone,53,7.6000000000000005
Nefes: Vatan Sagolsun,53,8.0
A Clockwork Orange,53,8.3
The French Connection,53,7.7
"Il buono, il brutto, il cattivo",53,8.799999999999999
The Circus,53,8.1
Inherit the Wind,53,8.1
Adaptation.,53,7.700000000000001
La dolce vita,53,8.0
Star Trek,53,7.9
Rashômon,53,8.2
There Will Be Blood,53,8.2
Captain America: Civil War,53,7.8
La Grande Illusion,52,8.1
Amadeus,52,8.3
Django Unchained,52,8.4
Tropa de Elite,52,8.0
Mulholland Dr.,52,7.9
The Adventures of Robin Hood,51,7.9
Dirty Harry,51,7.699999999999999
Sen to Chihiro no kamikakushi,51,8.6
8½,51,8.0
Hunt for the Wilderpeople,51,7.9
The Conversation,51,7.8
Paan Singh Tomar,51,8.2
Casablanca,51,8.5
All About Eve,50,8.2
Philomena,50,7.6000000000000005
Eskiya,50,8.2
Taxi Driver,49,8.3
True Romance,49,7.9
The King's Speech,49,8.0
Gravity,49,7.7
Planet of the Apes,49,8.0
Big Fish,49,8.0
Citizen Kane,48,8.3
Finding Nemo,48,8.1
Coco,48,8.4
Manbiki kazoku,43,7.9
How to Train Your Dragon 2,43,7.8
High Noon,42,7.900000000000001
Blow,42,7.6
Shine,41,7.7
